steps	avg_reward	std_reward
0	-1164.2412641666072	265.1631487882478
1	-1248.7631588997472	213.57289506195815
2	-1251.7856166668278	117.07736231542877
3	-1318.3196523511172	150.691875743337
4	-1305.665829388431	129.54295181447148
5	-1359.9312456678122	168.95910457525432
6	-1401.6094165791644	168.21954896548118
7	-1457.8408385902135	163.33704589585656
8	-1412.9487734311551	171.9781863898688
9	-1520.9546675974818	130.37593540598132
10	-1542.7048800775574	109.84716741121028
11	-1461.3084389654964	185.17938534829895
12	-1495.909325498472	122.4394419420294
13	-1521.4567757721663	145.4905450447558
14	-1531.0359604368027	165.09273562419
15	-1526.3517077517542	168.597638622171
16	-1512.166607389017	193.03820849660903
17	-1464.488056737761	226.59748394376467
18	-1535.0997677620273	215.21045774264795
19	-1554.0395990461327	161.68196675871158
20	-1591.947295832664	157.1666763580485
21	-1574.533524372027	201.42544030486195
22	-1552.6318216567688	172.87811473626525
23	-1555.729255247957	167.67443655565918
24	-1618.6676198450002	143.93990566045713
25	-1511.636727985325	218.20812037609386
26	-1602.3208464448585	173.27928368929452
27	-1509.216468882903	248.5921492602061
28	-1425.450548680691	253.6659176398899
29	-1535.1768808088448	157.6614166496479
30	-1516.2492069652437	167.17319174969006
31	-1590.7493864152098	76.98679649401615
32	-1536.8589294432643	156.67919111363798
33	-1577.0783335151875	136.38011533563136
34	-1570.877884834504	143.35577437872936
35	-1604.6242271255624	111.49847620112475
36	-1590.1440703845137	112.94259341499904
37	-1552.8617389048986	129.55918454470736
38	-1536.2989809021385	121.99282273262752
39	-1556.0779199194014	164.26910132255534
40	-1479.3845336311126	258.289239893403
41	-1417.9422702098248	208.18451383725565
42	-1538.782057810401	137.3359382483778
43	-1489.0911987394875	196.46839443379272
44	-1501.459217244207	163.25347149104164
45	-1486.3589811949162	170.07859171863507
46	-1427.3062371385024	236.66994349139654
47	-1447.0824004973454	204.52236728445214
48	-1509.616688249763	98.30060416218292
49	-1443.4513727404683	133.53014725474407
50	-1389.161455117086	125.87349152901513
51	-1446.5754845392466	108.58544884289732
52	-1454.8065272847036	90.69530286074097
53	-1421.7770236910542	108.60522897679705
54	-1430.5851011283803	129.50900935864655
55	-1415.563484472071	127.76858702924541
56	-1415.4741550927176	132.5020280892264
57	-1415.579426810512	128.19692515983024
58	-1368.7874215006682	148.66744684102028
59	-1438.331925568431	143.5687692218086
60	-1388.3593534113577	129.75198527422066
61	-1405.1090729711018	138.467847407703
62	-1436.342561603818	158.74477589556957
63	-1404.7236223721839	183.56462294486678
64	-1464.5942502648415	153.60230756633678
65	-1413.5456036356957	214.15623750188212
66	-1481.1671289133913	141.13844485573034
67	-1493.9545211790419	113.86575417086938
68	-1409.4629149271725	222.09108521564087
69	-1542.3480653188492	78.29707354822561
70	-1499.1391031976561	112.4657906734752
71	-1454.5655940541972	138.37516351465595
72	-1498.993331709938	106.85815878526952
73	-1470.8111133427403	122.00453660083619
74	-1421.373163757621	179.57190459202218
75	-1503.9277843614295	106.11871380899194
76	-1446.7135464468288	101.6910260306767
77	-1371.040359100775	195.24118674372164
78	-1308.5684737290985	234.92308518827525
79	-1350.5690783894079	173.698571458434
80	-1361.6672195405658	143.87794748502742
81	-1347.4246610449077	107.83443282087494
82	-1343.5278977846822	137.08438380599517
83	-1322.3947858325043	151.33053355055586
84	-1354.730448671333	111.9511071725779
85	-1346.6620403525803	137.38200633724335
86	-1395.9316540302077	136.74965320747174
87	-1375.09768611	176.64813696506792
88	-1442.4612264183438	146.12655269233025
89	-1456.689474879035	168.01090065112086
90	-1382.282178142428	199.77845098386305
91	-1376.9728708582882	206.0999026959635
92	-1426.2251203152005	197.32416147813655
93	-1336.8373680037344	243.9022132574593
94	-1350.451197613803	181.97770824046916
95	-1343.6549722978941	193.06438663641546
96	-1328.625913970984	192.94394701853133
97	-1373.9494627716454	161.63425351792637
98	-1393.0115982033706	164.36232922360122
99	-1361.5734570563163	196.66721636843982
100	-1409.0901123546118	133.9258070067228
101	-1345.1817256527593	170.93796410017814
102	-1380.0883096863522	171.64557230765286
103	-1417.2336418759262	147.51929277023913
104	-1299.5876430034432	228.54255335459706
105	-1366.283206411579	175.7421284518378
106	-1428.21910946158	147.16959008861446
107	-1387.9532505554778	176.14834043141389
108	-1274.4605519261852	229.5018198588439
109	-1427.663362143976	176.31714783344987
110	-1359.1729251950437	222.56410022517346
111	-1383.3975631034182	216.54384703799062
112	-1390.9065494199247	146.72526963066747
113	-1327.443913394425	127.46907129905122
114	-1264.7627727266415	136.60082177567975
115	-1264.8005793476798	160.85288550940513
116	-1312.4989908576501	140.06130822010192
117	-1286.904124156094	162.8225056149575
118	-1323.8458194277687	181.48727676730823
119	-1302.8669837756818	176.77122838991326
120	-1281.1795923421967	116.55529388483708
121	-1357.9863323223483	107.55318039406282
122	-1336.4926798852161	138.27633082235474
123	-1362.48131410459	118.58069807038903
124	-1338.606360156078	144.10244346545656
125	-1365.9401208947443	150.95967470549914
126	-1361.8168856889183	158.87033288009408
127	-1325.3230384360797	168.0011967680244
128	-1400.8072633809431	103.97317162528375
129	-1430.4245071256962	77.93851352674481
130	-1376.2322083309589	103.95070352393752
131	-1414.3057386679338	73.31096889420417
132	-1391.3931757076543	79.33585194047774
133	-1403.8817226008082	87.35654824496687
134	-1397.7286672619616	102.0943215810071
135	-1436.2043262961788	50.32202618600256
136	-1442.7249672225264	73.15463480149047
137	-1432.166189677635	63.62994693192149
138	-1441.5331092944166	74.19638434810915
139	-1431.1031196989973	70.1192069259474
140	-1451.6049706410274	64.60711067576564
141	-1436.0025247487574	90.34435078965706
142	-1430.3821042403765	92.81397162980566
143	-1381.8883435090672	105.82263129904884
144	-1436.403434122186	78.84896141875495
145	-1394.6266094229168	104.0218515110497
146	-1405.34295384387	110.25731015814483
147	-1391.6182824984471	78.31854741289054
148	-1423.848275920082	108.57077383529078
149	-1351.5504156264662	135.3840336881928
150	-1378.018235966927	108.82522749351074
151	-1422.3278625118164	80.85673807866014
152	-1345.305739704382	115.07535372141359
153	-1350.5769152676721	179.24179986705127
154	-1397.2560848067899	98.90321200355129
155	-1334.9823548041618	147.80430086787683
156	-1327.5069041006925	173.66813652783497
157	-1405.5073207418982	107.88221825191488
158	-1315.701827111688	176.3562778063673
159	-1365.9574074884686	145.3219029850233
160	-1306.370196800171	145.57052477717048
161	-1338.4333621556545	137.02980447344328
162	-1294.0570284012879	184.4481255613843
163	-1273.726394629386	173.68036086896407
164	-1297.1287720416287	157.3665127323654
165	-1299.8224440820024	143.05254615997762
166	-1288.382891097929	181.2999737698851
167	-1349.394221928037	150.56534697209813
168	-1290.5519086879715	147.7978041083617
169	-1376.3119788008037	178.78764016226356
170	-1257.956799735488	194.61627587520113
171	-1256.7249037658842	209.53481463027015
172	-1320.3269591000624	173.81546512429782
173	-1313.6833956263858	204.60409581901152
174	-1367.8554069462873	180.39679220731378
175	-1373.7290298944486	136.5065857976782
176	-1339.7527678383653	190.69138998369027
177	-1363.3339233254371	148.59695537927703
178	-1357.8486670298753	179.79110188020695
179	-1362.5898575009796	133.19784466412108
180	-1420.29245572856	118.6707747767824
181	-1424.0559080483713	150.99449352548766
182	-1408.7739974249741	121.9415459166455
183	-1398.65278716183	170.90463008287531
184	-1395.7375763083546	136.1389263539609
185	-1383.1276829070512	145.0070795743373
186	-1429.421439366849	119.69370166934223
187	-1405.6123851360776	115.61296200169383
188	-1383.480606843902	131.74119420565404
189	-1434.4596727251555	128.18281395085688
190	-1459.3494773139319	114.05351596417376
191	-1484.6596269746512	125.6472033958221
192	-1448.2151173455213	116.19007632183033
193	-1435.501641169897	116.25836988632709
194	-1435.0282479255775	104.7968289403222
195	-1508.4438743625071	131.83913846907902
196	-1414.4314181680002	95.71131710571542
197	-1469.2425373523292	121.50119023877546
198	-1442.6900926655007	136.73482936178016
199	-1398.3992229933626	147.87918002381102
200	-1391.5136108572688	121.90937173152999
201	-1343.7217800259466	144.0852815233587
202	-1306.4503082317674	179.38352567759924
203	-1368.0138062025344	134.90343953028554
204	-1344.034855127447	159.44199359403848
205	-1366.159537379452	174.09506050673588
206	-1302.3160039553752	147.02169179458554
207	-1324.4351020753334	158.9788012330719
208	-1302.3811350338917	158.2684609602836
209	-1255.9410578294217	147.77205262390115
210	-1183.0183126631964	126.94685674751223
211	-1189.8348220284943	188.87810028386932
212	-1187.3693940633177	210.76137283902705
213	-1097.2170689745	183.1966371083115
214	-1064.2200100222517	161.53944023168344
215	-1052.0331528347258	185.1223849189671
216	-951.9860776784185	144.30128040041188
217	-1053.351051920239	203.90574129985717
218	-961.4459530002669	138.654288523084
219	-1038.5680819087302	122.11650006606011
220	-1136.9047346819896	203.35104465948623
221	-1057.7285655153325	111.21527362335394
222	-1100.0809572722633	106.52550686824486
223	-1071.9056532700486	139.9467216602267
224	-1059.2585485614343	115.49161495300693
225	-1098.3533517782191	146.79224795688447
226	-1075.03871557428	149.25712765036027
227	-1073.5738998759882	101.03568020893196
228	-1022.6392542337977	123.77783906444587
229	-1032.754792953203	113.50818963316208
230	-1038.461870044895	88.99460121880615
231	-1034.8620788480625	135.9976369891567
232	-1109.718484714501	155.1805439198269
233	-1110.8832356157418	131.6207346617698
234	-1073.2312084299535	154.73676971267525
235	-1029.3018449224703	166.5918631200164
236	-1119.6386506756594	171.031427251379
237	-1114.5657791867352	167.47673375123662
238	-1151.0684574315064	167.5824096263085
239	-1111.5594552633054	144.35840572815735
240	-1151.4313013123171	177.08978793229727
241	-1175.6193028999492	211.44936487419858
242	-1184.2549685685779	181.0475105017875
243	-1185.1989564824682	179.86898645814904
244	-1130.0883051458916	153.86426097921048
245	-1196.174730425762	203.43108138735883
246	-1256.1994928115882	192.55468381972446
247	-1248.6560159876383	172.66067640453434
248	-1234.3845566284897	133.80142891263986
249	-1196.5421842639062	172.62292757664216
250	-1321.8246011623137	152.27967477581805
251	-1287.9675284266757	138.10023963989164
252	-1316.7726514195538	169.62990149170886
253	-1306.7695672637406	125.9401137313178
254	-1305.9437538339566	169.44874747407877
255	-1337.5850910483832	149.95574382449337
256	-1328.7385594700327	176.23122736581507
257	-1306.2972329623326	152.21811618877652
258	-1327.3293246672315	125.72870258541111
259	-1363.846861739643	124.10909390681839
260	-1369.0657254663895	152.36755122962205
261	-1351.5332316859112	122.48598418141385
262	-1368.5077019624196	109.24753938594566
263	-1390.747470360765	133.21554120216183
264	-1412.0008080589428	144.62514327861015
265	-1396.4919913048714	136.72640355732906
266	-1352.671700113281	110.99367109614963
267	-1385.8589388203552	104.33505220148297
268	-1361.8050159600011	87.736197921462
269	-1428.2119465692094	104.41342758580694
270	-1436.8619096419018	100.29866492304937
271	-1435.4602173704743	121.4508295328967
272	-1406.05937964003	161.87364099233312
273	-1364.2275198963448	127.39995533472825
274	-1361.2352576696783	100.89778501527286
275	-1366.1055356149964	102.01497059757219
276	-1356.490891246996	131.7747934818751
277	-1276.0745875177354	132.76031650947513
278	-1328.3499687353365	161.28215625844425
279	-1287.5345879432402	114.58316626118338
280	-1321.3578383989523	127.234011923584
281	-1274.2796994485045	130.91591744702313
282	-1282.9293754736277	121.24266154810027
283	-1274.630060061726	187.0611426580961
284	-1270.533637476423	178.2817025265151
285	-1266.010604515171	135.89671596879612
286	-1215.9480151969892	116.45686726849252
287	-1174.5290716304273	137.84152099920135
288	-1246.122564706432	126.94188314948572
289	-1244.2645783903754	197.98284089505643
290	-1186.903925863263	189.68397253621973
291	-1229.0237115089444	152.42301274116622
292	-1229.4210249418081	161.52689327079946
293	-1209.021851409313	149.468502403492
294	-1202.229786503198	148.60566122056264
295	-1130.2328789545506	132.66085279680135
296	-1174.927939024917	216.13909560305623
297	-1115.0519103056865	189.13735933926205
298	-1064.0930025260109	154.57287078900484
299	-1058.1047494015916	159.64383028470198
300	-1030.3210335081615	165.94059759043668
301	-1096.985366929687	213.3591574067329
302	-975.4197274902768	190.3702103254452
303	-1020.3064439213614	143.44809349099825
304	-1077.3156689966943	179.04407280817875
305	-1024.1459795995913	125.46193242365597
306	-1083.9493550945526	136.48873821352686
307	-1096.109635866	93.74980766121415
308	-1060.4435537205966	129.8982533434716
309	-1069.1035482352618	141.09619727427432
310	-1109.1021493130415	147.73464645402728
311	-1009.2590203009847	140.94085671650458
312	-1044.9562958573222	105.16704397211728
313	-1014.0826987119098	182.14534461696806
314	-994.4355841051122	161.57954355876228
315	-1038.6747157402094	146.967848492455
316	-1064.1119798640634	145.6365298306056
317	-1064.3699335370634	165.5542853061645
318	-1009.7717530569504	200.30588854628178
319	-996.4165186528122	100.95662555862033
320	-1043.4007756733772	186.4429890628371
321	-1000.3607389453259	145.1108370258949
322	-979.9210644471058	154.062372583347
323	-1048.65718274912	149.27159987852806
324	-1034.6184009447682	111.16767246870346
325	-1038.8916737655318	135.42430335004863
326	-965.339634652806	106.95215065200492
327	-990.7245148317697	150.76612637269648
328	-998.0794298318486	137.9854931019606
329	-1030.767465386013	214.7493435798291
330	-1013.3965452081495	116.81049856166274
331	-996.397491548504	180.86488367402723
332	-1054.325164106973	203.80014577385322
333	-1037.1127749670313	96.85117183970958
334	-1067.0119038244604	134.49024892555542
335	-1094.8942374279268	151.88703268822928
336	-1037.7993840430065	134.32813466512513
337	-1056.5485134399344	128.93736905942882
338	-1041.0397305374167	110.63219233825484
339	-1040.5477291830064	135.41960971389497
340	-1063.7994317295893	130.8592280614748
341	-1060.117622659213	118.55607767599993
342	-1024.5565102345533	115.79693768112958
343	-1013.6565377354491	125.59812103399852
344	-1010.6782727049854	133.2995054091907
345	-1023.2948529402455	151.33000413420024
346	-899.8232699198359	120.24015321572057
347	-924.1189984034869	98.17497012084591
348	-995.2360656570585	133.95187919318127
349	-964.7775135337058	162.42908635396546
350	-944.3906482896405	127.71252894512007
351	-980.6943692748032	148.33924844649752
352	-982.9069553730052	155.05701260600085
353	-1026.158137362436	110.7953866326043
354	-1039.5016437276995	120.2216523669923
355	-972.2729961137842	160.91488391263383
356	-996.1403268134482	139.94730714641454
357	-943.7820725489539	136.78900587726497
358	-962.702387114707	174.41245447869045
359	-992.4137922502883	149.77217752698076
360	-952.1052165836368	155.8504853127001
361	-981.6467821825421	171.48320755112107
362	-945.8897035055196	101.20977032792308
363	-950.1310722473421	132.121793098463
364	-987.1373739134241	162.30415297625328
365	-909.3508659375668	111.46409727546967
366	-908.0811102304858	119.08791579199176
367	-929.8181866855332	115.14999373380734
368	-966.6489700244506	129.0925071894367
369	-946.0672305598945	110.19578326185976
370	-983.0893473431704	179.74099967242466
371	-990.5616921612611	136.6863848782949
372	-992.1800429195299	88.31108307254395
373	-997.790649127648	148.31302466278765
374	-1022.0254818610188	113.91430195331692
375	-972.7872915039992	126.50650960597383
376	-1003.1380081247944	93.93896682627626
377	-988.7774553843577	119.04719545889644
378	-984.0955649785092	131.98057437218336
379	-999.8639984889367	126.07986408653946
380	-934.6121958788182	155.2645027099079
381	-960.5161498256573	135.85363644873698
382	-968.1051910066949	157.8004372390745
383	-941.2289534763055	109.97980644086027
384	-951.7061135830951	148.24911522679196
385	-939.0797678543131	138.30469784412446
386	-931.4150217866087	117.93085676229471
387	-887.20738215135	123.6008946776036
388	-939.6674926647214	100.87025599757762
389	-927.430011785136	123.39412092183365
390	-972.5580967128715	179.8182999447962
391	-922.7481395560094	146.8786674948337
392	-941.9892468541173	128.56677306751448
393	-997.9963306017704	153.3435567516409
394	-960.7488458584568	149.3835531259147
395	-951.5627657448332	138.6862185811593
396	-918.2816274648435	91.98211884585008
397	-983.1478406781727	125.45179645591966
398	-962.3372398903962	125.50463472468684
399	-958.1740616873093	142.3063645420066
400	-972.369128405518	101.60947954191879
401	-958.4048877912068	124.67773426823732
402	-941.0519599492801	117.18925080697538
403	-897.2404101213162	128.89682915352924
404	-944.4148527184354	151.37718964531146
405	-935.7108897441399	98.2396648496713
406	-927.9051291348713	159.51919374125168
407	-919.1278925199612	142.98343423364966
408	-971.1860656254294	125.50382897540416
409	-973.8084138737776	111.44549729392976
410	-1002.9770554128231	112.29529589422268
411	-1018.4550134081609	106.2086870840157
412	-950.3548993185789	137.0005856000964
413	-908.1639938258483	100.28707980325468
414	-922.9643256889025	121.64317887815318
415	-946.8334272601596	133.36597325697372
416	-966.1313059363837	139.61728085428473
417	-957.3225900049717	156.16383375165054
418	-960.6443249266017	140.28044874296583
419	-966.3533988584547	140.42229412342763
420	-961.4217842946787	142.69101792477383
421	-909.7574474901025	132.4090965642724
422	-945.5379924482772	92.70986151430185
423	-946.5994429043927	114.76650188421557
424	-967.1613294053539	137.63158093468152
425	-954.488162910887	93.41313182629285
426	-955.8967003021473	152.33532986370875
427	-942.2561794143897	137.3947391549379
428	-981.2113202585493	148.8611915897775
429	-962.8409859154685	160.03670424201033
430	-932.2108339368871	126.25029511559804
431	-915.6556687315518	96.88351895201046
432	-961.5006972190936	111.1040891527594
433	-980.125168094314	185.86331398864982
434	-940.3616180827917	147.55021101355183
435	-920.897619257127	113.08531740180021
436	-938.187194046275	108.9996243362763
437	-931.3628196984208	172.30407254424713
438	-947.2864673592402	141.59697077723257
439	-935.4628306139844	130.62261901287064
440	-916.6845753887054	125.43449714797288
441	-944.2613446386813	148.35713613761416
442	-948.3525149924928	165.11898146329415
443	-934.8733560699625	171.7683874341852
444	-958.359588280564	152.58322040679252
445	-919.1596108436821	102.76885189777809
446	-923.4361054405001	139.0134956151046
447	-889.2920718589448	137.94442662928395
448	-902.2233079103577	89.11044357203832
449	-873.0743673059121	125.2091425295781
450	-892.5864717140881	112.72831426394086
451	-883.4321883722328	89.91024870943157
452	-849.9167905624557	151.23473570772987
453	-942.4101798936774	121.60725466923915
454	-943.6644508698382	152.47153669441212
455	-1008.4819912110283	136.4075384802241
456	-1101.469955771548	107.83286113393281
457	-1155.9921332955457	56.51975972568724
458	-1172.314360765588	141.43824268740676
459	-1136.1744738286047	117.39396692355236
460	-1183.4831501517049	82.18607183369944
461	-1234.6853933678474	84.68545196003288
462	-1210.3770440677142	78.58240189968335
463	-1243.9340480729586	76.89866601517407
464	-1246.0062365362128	74.05690761183078
465	-1179.8077606147365	83.24417677778378
466	-1088.2441605110182	98.54444874196182
467	-988.7815893378059	129.65866684451962
468	-907.8946015087282	169.54698534217664
469	-985.7329806541458	194.69872016668646
470	-952.0472424641886	155.7999797139439
471	-999.1411523521139	167.5202196108375
472	-1003.941105813715	145.58603351084864
473	-1013.7513474969189	87.89063681786368
474	-992.7726020845545	87.11256655249969
475	-1012.048575591636	89.14939999484797
476	-1016.0819518093589	108.48119472255514
477	-1063.4417940042943	153.26162682778096
478	-1028.0004573887845	103.03619487126171
479	-1084.1117358451243	144.63487643433817
480	-996.9127243123513	89.3389644580665
481	-1034.235013772729	133.981087688612
482	-956.2794347469633	125.06381397190638
483	-943.3771388774617	127.32794582314921
484	-995.7494522690208	124.64594406637853
485	-990.8282297224797	139.1480820838176
486	-1011.1137154841149	117.51004130718627
487	-934.5929859424068	99.70812239974875
488	-1007.10121316381	201.9696972926562
489	-995.8465552563473	102.1686492841023
490	-949.7887183753816	90.8213066083413
491	-972.3060364146844	109.7515016791806
492	-987.0860281029913	158.95460378231977
493	-933.4490289726549	113.27616553980229
494	-928.2951621743283	128.67171584068709
495	-932.1176383868213	99.3085560105669
496	-926.0574529820811	150.53494509124445
497	-932.7858463836039	131.34360384925628
498	-933.9360079084753	136.67505649731982
499	-932.3738719422998	149.94832438472483
500	-958.0231656520748	188.08455978458667
501	-901.6051196140003	218.96539091340887
502	-884.0374692708664	142.07179877040596
503	-882.0828019719432	140.21162638571494
504	-869.9567400068395	132.41476522915204
505	-876.4209976478336	162.514678065401
506	-909.8053769114957	198.96726458889728
507	-806.6094316728501	124.86358208851733
508	-912.3855514729086	185.0000100277309
509	-838.3370723270584	155.286257936718
510	-846.5763460321671	162.10382750208882
511	-812.7944156347976	122.48744803956492
512	-811.8283071832972	167.47325992642195
513	-940.3689520389493	221.8814530181168
514	-886.785428624147	174.85703775708748
515	-916.406287390152	175.2881143713374
516	-888.1677542443665	113.94974944289982
517	-828.3630279318007	97.52101070910597
518	-922.8605555801845	172.11878785921482
519	-865.5705536171126	168.55622402029258
520	-844.4439698088389	161.6366747008805
521	-866.0135861019994	142.00513193488857
522	-841.6027566780986	156.67870550313526
523	-841.5173179035274	135.4796590743786
524	-844.1495957596082	145.84441465549708
525	-885.5160657921617	178.8619636931529
526	-871.7256765563372	142.04681228568882
527	-828.5426538148809	146.08188864898318
528	-828.6825251879286	158.00530521204593
529	-805.8545431239575	128.70878600762745
530	-817.2316589412051	142.9135251352641
531	-807.3457171815799	105.05045178012183
532	-812.1657960010896	121.17077814966831
533	-880.6308814160823	205.36093593364868
534	-835.3366301559522	120.41292322522439
535	-886.6715068997426	134.54230468295626
536	-880.7527576937198	156.8046629218363
537	-840.9787981132436	126.46529889459272
538	-865.3845368954445	160.31130201245082
539	-804.0003284960685	140.89864163272884
540	-873.0136104229337	180.1576396042652
541	-836.895797496624	117.44737690601792
542	-859.9435479674321	153.09538382291385
543	-884.4434328740426	189.04278794411726
544	-908.6223127939	141.10984304691684
545	-872.9770501973893	147.04835455583216
546	-828.3821899227762	178.4497591372661
547	-813.9695627227402	122.99179990632156
548	-849.1959801849218	154.67518828679715
549	-838.4524771104823	130.2530752662866
550	-825.7485215470674	108.28015115756455
551	-912.8375275584888	132.89440117690185
552	-847.3338813741268	133.57946922383147
553	-804.0499020511194	97.19313755489601
554	-838.3516630141603	83.57333096552108
555	-829.9290266933905	126.58809482289881
556	-791.793956989197	147.21409810301992
557	-748.0387540236749	115.57476563695337
558	-795.7868364514818	122.18124013618214
559	-818.3237711832429	97.65251441114236
560	-924.9150062105332	203.3556822478794
561	-895.5119886827217	117.59453756670936
562	-901.849504976177	143.41066639419068
563	-939.2149298995481	124.14546450931921
564	-936.9981946868841	94.07993888456545
565	-976.9050004935644	158.28055557283614
566	-946.4269859935547	126.46721164565486
567	-911.0122366580182	126.59015896786546
568	-868.9880931562631	127.89251381094893
569	-808.564193618247	137.0082589910073
570	-822.0859505239489	138.14675308675476
571	-822.1330146264667	94.74063276540386
572	-812.7552835759217	130.45264000552132
573	-769.948768263891	119.36445662334567
574	-863.5388405039369	184.1845654533739
575	-752.3079551959801	140.0431401149212
576	-778.3257457378618	160.78253024773625
577	-732.8183513171089	210.34350783417165
578	-811.8490504713616	178.50125976457483
579	-793.5514463971222	194.47437645152792
580	-743.9968379096701	184.04129495612426
581	-689.6965505785994	129.97898882982497
582	-742.5712898827492	181.53495123178047
583	-775.6792863428533	208.01136292686837
584	-764.470333741322	131.59702061598992
585	-873.6661340034769	232.6660227464958
586	-747.5191005305685	195.96402560094918
587	-767.6652901255704	280.2066417295498
588	-689.0687093361652	230.14308100857926
589	-730.5282671209014	232.26791996866174
590	-759.6713625122843	204.55347900835372
591	-768.5936157136057	249.19885371916615
592	-807.0804084565644	299.75290463678965
593	-713.605279570415	211.49898590067357
594	-769.0391530296359	280.9803001790922
595	-712.0585036842889	217.2119433916422
596	-755.7964432953663	239.7718298828537
597	-712.1435095302535	244.9928615585279
598	-736.0307161671715	314.6390066379421
599	-594.5617722854918	252.8668862793903
600	-648.4120010024221	258.7527419633252
601	-621.268076975948	283.4058255244704
602	-774.6024110529459	342.7849073550523
603	-676.0669385260303	350.01129492737357
604	-722.2769947190363	304.38437127442
605	-697.1274055424043	335.7270138666958
606	-592.989681352002	252.95251185538888
607	-621.9067013147335	266.4193584795458
608	-749.3470349166448	366.23990287753287
609	-685.7503407314606	311.3196124435047
610	-810.4455926562457	434.48935263519525
611	-760.2312499548306	326.7339830706483
612	-666.9649107650399	349.87894717569935
613	-746.8714379185192	392.28199686957544
614	-728.2108223435228	373.88720497037167
615	-754.7901933477916	292.0406735645122
616	-701.1271392108266	263.8086490809337
617	-848.2270079463943	340.49573740950063
618	-713.3341922085449	406.5822204653955
619	-796.849579784485	396.3630727577397
620	-783.6151610499135	384.9540772872835
621	-584.1393389259357	246.7301157105387
622	-590.6154640297896	264.88495026301297
623	-585.9824970259748	215.99057214103956
624	-675.4256320949536	282.8710892256884
625	-681.4627169057378	224.26222911110509
626	-725.4004252582665	270.9973162291408
627	-546.4866986671894	173.2697654674181
628	-602.9910190932194	201.69217804160357
629	-560.3163995181413	167.78394247650394
630	-630.9429609134913	231.97028142842262
631	-623.8684331953629	239.92671811943788
632	-559.8179589349734	175.29578448549478
633	-598.6134845038144	144.1098965923379
634	-528.4395680190764	150.03198922572983
635	-475.6110223050501	144.4537178986276
636	-500.42249292173904	180.5291313280326
637	-439.9713275638128	151.67415577550955
638	-549.3756935531135	210.610496941767
639	-495.3713911882172	164.6526198685563
640	-461.80781066634046	163.5002714971645
641	-477.5647867213975	227.93803742982635
642	-448.6783901459182	179.57486016303324
643	-475.9257093609503	217.6508709623442
644	-386.8387895948662	191.80709886959986
645	-435.17774488426744	139.76725928060878
646	-484.4265887100742	251.05745332543003
647	-490.5334877527291	190.59864474571185
648	-509.5927979237635	207.27219329558355
649	-427.6106835258742	220.21988028775885
650	-399.1511804707709	250.14101829839655
651	-365.58817357534855	195.88969120282806
652	-387.93480005523816	173.5287990552666
653	-406.47194208533654	200.96572578447717
654	-285.48466684566824	192.07786839961972
655	-288.03821299184926	200.68760663686456
656	-292.88674992977775	140.18331785828158
657	-351.10589613162904	220.86023503892147
658	-339.06986639662546	225.74500593678897
659	-367.3209428052215	199.00712279854946
660	-337.0455608062111	175.70806599224838
661	-356.70436635161985	186.17491712180686
662	-328.7002953428407	196.48445121866743
663	-311.563938573974	209.29352389165527
664	-270.9738191400331	172.04584071264605
665	-259.37368007637076	214.90555699796172
666	-272.44624800504465	174.51369994541707
667	-331.45829928685504	257.936536120449
668	-226.63812592800005	160.32257850313022
669	-288.16352523114824	290.6497143675488
670	-277.5576100539129	239.33978278474962
671	-304.3373998111578	208.13862206564568
672	-217.43215806255924	140.51746250413194
673	-308.8818017818478	198.67031928685884
674	-259.6001279759158	131.88569886469946
675	-308.11552193471215	226.8830839414257
676	-334.7520781122755	230.58530186213773
677	-245.81855277455205	143.05439293678273
678	-279.1423810252665	218.53371532495893
679	-285.9512738854159	189.87070988453135
680	-406.6830059577011	352.1851709118824
681	-280.2174832010604	250.10675205162968
682	-361.27916054973065	295.4674987682233
683	-226.66020146975399	233.06940063648898
684	-283.6025886983719	180.31671646602052
685	-271.26169773194414	217.20101550865047
686	-256.951847677894	173.71394943518092
687	-266.6426811208945	199.47639819907468
688	-232.98552329322797	221.88581684382905
689	-255.59100661652403	179.69490233481338
690	-253.11569832292443	206.72429912922365
691	-240.9505911539001	188.99833550641117
692	-288.4160727052902	182.89426067848692
693	-293.8017822180297	163.8339582187386
694	-219.4035744882935	174.18537954358172
695	-238.10139936922718	181.63362843563547
696	-224.65568879143655	169.83694298794208
697	-320.74199052923245	186.6537428374387
698	-283.0250421223668	230.03401779628243
699	-218.89135959675644	216.8042982526639
700	-218.10624741020058	168.31780869987188
701	-197.58338395564348	182.1413998242319
702	-239.7059778799328	230.87191791971702
703	-289.5229193252706	196.27463780403627
704	-287.0168004161875	203.87238982149532
705	-246.60273162758264	182.6178920118921
706	-219.63287995873438	225.23666234468308
707	-253.69957089141505	173.56983865017014
708	-321.3319410719596	214.5241228995604
709	-200.6765249777504	135.61179194854628
710	-216.07431123738866	133.60440812098972
711	-246.9723599607639	171.39222101715654
712	-218.1444457005199	146.05780796150475
713	-260.8553375356625	168.11370665770215
714	-231.53876706266539	216.06348756670045
715	-232.85330732620835	191.2188680937536
716	-304.44317293880164	171.51357936050894
717	-329.529585229755	185.16982936547018
718	-255.16720009430915	128.52452570980594
719	-302.5546775523668	189.64486558414148
720	-221.18924431904833	181.36557665345626
721	-224.99397940918217	192.4321363723766
722	-285.347228886921	163.5739759200221
723	-215.87541589788182	140.60955835563357
724	-274.1340414996721	165.2210734931867
725	-250.5638242377229	247.04118019335087
726	-290.14299702083866	194.67232698130886
727	-262.4191449245087	205.32287373645988
728	-187.08981206737295	222.06629838420733
729	-267.700518079708	274.78656066182776
730	-232.75052616861612	139.09249387137422
731	-285.09971996291983	242.44947849050277
732	-240.2477003435342	178.7598953439742
733	-232.79529143209166	164.56750335282504
734	-196.22731571763688	104.49514130913045
735	-261.7315904831767	163.40378891088233
736	-342.8436144529985	182.38687065684428
737	-237.8303429471697	205.64856487275904
738	-257.089828167558	187.14844949280368
739	-167.4384538583568	111.30729076035891
740	-265.3023943658147	177.7767836870147
741	-229.40055890726845	133.14748598771922
742	-225.2627001130715	171.48655951924383
743	-240.72286130046777	145.12698330583734
744	-237.6802242106269	137.45644727821215
745	-185.40072750274845	152.55354166565957
746	-210.2826995558016	111.23397782457538
747	-185.95759420848262	109.47106880436168
748	-233.38606011725733	127.66300702405572
749	-281.2387382771803	263.6163411582397
750	-248.01878075973414	218.81567882922053
751	-223.79717605136491	174.02875995312917
752	-235.38526180996666	149.6650800693478
753	-259.40568168972203	139.30915721810373
754	-235.2082378816869	119.99563076237993
755	-183.67218972263072	117.47385783520434
756	-204.98972620712772	127.52034375471472
757	-264.38682588880584	130.244429951305
758	-210.98408517957623	117.13088210091703
759	-187.35160265940058	125.81233349425999
760	-260.95482388824433	167.60191317303008
761	-207.85431029314807	140.323363218353
762	-256.410987952607	136.73891282994805
763	-211.33906470619854	137.53559591128143
764	-237.88817202646686	137.30276716398927
765	-244.21090242337868	122.71001586840089
766	-251.66125936316507	163.76955087781096
767	-227.16522002418813	140.1974782601284
768	-244.93880896517956	140.9088162081941
769	-227.529375988072	154.9031817197084
770	-271.4019339373224	173.47856029931808
771	-174.47096032209757	115.6365782747855
772	-226.45986242081705	132.3458475246412
773	-229.5926319901798	154.80571740644413
774	-239.79397262875204	158.74373612022652
775	-226.07459554882072	120.73529327313969
776	-201.33361252582574	139.03783119050496
777	-250.253107166814	162.83720005973848
778	-247.61360962027652	169.2704049777012
779	-222.70566539124104	147.9666163924018
780	-208.7549556109533	146.38928526375318
781	-276.38333413744186	274.28907159040654
782	-244.88077833939687	132.76125839511525
783	-215.8917653152299	143.74460937531398
784	-222.9393405676267	145.72290707917296
785	-210.2632527735188	133.15460420168577
786	-186.95130545854067	152.6741519881825
787	-223.78633771575005	131.8981382097025
788	-242.48893270902173	166.94874872639525
789	-260.1816780061386	147.62772859653873
790	-236.96238893984741	154.1803591588212
791	-207.19820570665945	113.7767578013428
792	-238.38876452207384	144.4574977621524
793	-269.0405313323952	159.7298449500747
794	-248.2344750797284	109.5776062882239
795	-243.3184218925462	142.66865903442275
796	-299.90830323369096	135.6171283007415
797	-174.87983229349405	109.8452922890975
798	-202.54586136559635	125.2469351417374
799	-196.33010953610435	127.75748183356369
800	-250.3816989521013	157.66841072698915
801	-247.53524072316446	137.82535151220486
802	-230.48563186780328	171.83881789047655
803	-210.850371174307	116.78333525385708
804	-207.22536079559322	148.1110572432908
805	-236.74191327060515	196.11550656583483
806	-254.54251159938227	238.46437666673953
807	-213.06398158292617	140.5047395355074
808	-253.65306649001272	205.92821188810885
809	-206.9006063252822	120.60361651119047
810	-214.41214001611286	166.24067837449363
811	-195.6140793448004	167.32914773335685
812	-183.50099700679868	107.41682558914437
813	-196.59133317196174	170.70936875828252
814	-234.4802022649038	153.12098329663417
815	-205.9887020460878	153.69350972651506
816	-197.69402487859458	133.13034468477557
817	-224.42567316434958	141.85067062271395
818	-204.4371476520634	127.81263360885521
819	-209.13578840660924	140.9278134404644
820	-203.51939358044052	135.54778547707875
821	-155.33054267291843	129.4399694309339
822	-236.7983933748032	168.41105239373235
823	-212.3492324446317	179.3376699090571
824	-234.64871065717182	226.31273610694709
825	-205.1422946338948	115.90247634893387
826	-192.4226098300776	141.1741043280764
827	-226.7490094845906	162.1383462915711
828	-229.04637369216064	132.96703491094587
829	-198.49504844756652	108.31669289000085
830	-242.70636522114236	185.44238589804635
831	-217.95166187938958	127.77716630701347
832	-189.40388100007394	155.1005369302741
833	-226.34779143614108	141.90194507366684
834	-245.75916875608033	138.90477564615378
835	-194.48365749803378	146.09718351660223
836	-188.08997679932014	157.50576687183883
837	-247.38995288912741	132.724916889881
838	-170.50067073490132	102.53087094849162
839	-250.28453035446853	153.87378447895728
840	-201.98390476908637	164.02342246660226
841	-193.6771515710408	123.77617738673047
842	-213.50848169290575	137.93216208018018
843	-211.96925424768796	135.21557257107753
844	-172.6401679799008	104.80775227019365
845	-210.49286697007156	126.45443026349699
846	-204.10356180934625	116.49639265582762
847	-202.0730054318001	135.8543335778764
848	-212.43306108678073	126.42426273716448
849	-186.76354008313967	130.38820790539572
850	-232.82511428287708	119.41823114002335
851	-224.16914926282934	131.42585375574237
852	-208.8307691826376	159.06724933843384
853	-212.42832240764204	109.19280209151378
854	-182.62215315664372	136.97780243919988
855	-165.34111827857606	108.98631404942076
856	-187.23334675489045	119.88287049626979
857	-256.9930234712641	142.28649258852926
858	-242.41037442977216	154.5212220268553
859	-218.27948748715045	124.00232457685853
860	-187.22893168148767	108.45794061464494
861	-215.8060605923142	140.45294109610268
862	-198.11893473748947	122.21413518543658
863	-216.45036903889445	93.95525240682593
864	-224.00884960361574	113.61733915877898
865	-182.72841043758888	101.18164902340338
866	-164.42360547021156	111.64749311938577
867	-211.2726392683815	121.16066865589232
868	-200.2443051543736	140.47558995560038
869	-248.274283393455	143.5686555476999
870	-186.19978839544348	123.33961927730249
871	-202.35717301134136	115.2100970261843
872	-234.4653690354888	154.48223147945689
873	-198.137689090786	135.7112701077457
874	-203.58649994649895	101.5361311201761
875	-207.5912863794724	152.06488840477866
876	-198.92200449721665	146.85497048627596
877	-223.31532256905578	115.41925189823557
878	-201.13662296913702	115.11985716607451
879	-224.022165041594	146.38856984023363
880	-222.3562258938732	130.16836730374462
881	-173.7035923696229	116.07061404190928
882	-133.82524246536536	104.83554588701088
883	-194.22523240813842	124.41554170221863
884	-195.4580330326402	112.75294980320876
885	-204.1452153114077	142.42655837036182
886	-176.99572242731614	115.72693484718421
887	-276.91343418956455	223.70066822476048
888	-203.54456791856387	107.14272854880312
889	-208.67516604975702	146.75753188420086
890	-133.3120510215182	76.01853250318165
891	-244.31329600648715	130.87630415152344
892	-213.18383305384387	126.88233226059842
893	-208.96679507584872	108.56445373616205
894	-218.7292640767583	160.84834694643243
895	-165.1203082185478	116.51612463581803
896	-224.29217139778535	136.30078187867127
897	-158.03438788105007	115.49032664756238
898	-277.9388922995732	143.6842271751852
899	-213.84058396838725	111.83808517334312
900	-186.14894884876298	125.76267698233623
901	-190.43928555961264	126.62763904141875
902	-181.00807232192167	123.41065949068773
903	-179.29072553246024	141.99791427125413
904	-199.2850893908102	152.97822358412344
905	-223.58533575006618	147.17592342101273
906	-179.78705347489537	116.43931547449887
907	-137.42706538826388	107.1823485760334
908	-147.6952136021822	109.13442272434703
909	-172.7962500299959	141.76461556646234
910	-191.40678009104536	117.80685467468982
911	-197.9398935586186	115.30198377263356
912	-212.72261007395159	122.64172741286183
913	-208.3995498531418	166.81852229030423
914	-194.14282728400616	158.3011949767569
915	-219.11724180889254	172.37258968055
916	-192.90344946872176	125.79889273148018
917	-164.53876886269586	100.14258149238015
918	-185.4576551028197	112.03292719674423
919	-163.4873128383935	126.88476036499233
920	-176.53302123421184	123.74982275608498
921	-203.77533586870334	104.27802164587138
922	-220.18106972866653	125.73108692035716
923	-188.74321877871387	96.98031790923818
924	-210.26008238980614	124.88043274781971
925	-174.74250860312767	120.99444122562139
926	-196.87060206050458	121.17722744137663
927	-201.70403739182603	125.93896456200955
928	-254.92140159972715	121.00734114243826
929	-250.28243126736783	147.25975782212086
930	-200.74239210031325	97.35182156270409
931	-207.54740308256095	107.0299826749634
932	-202.8779242622735	116.48393873795008
933	-207.26891077513883	138.54455133234794
934	-228.73918398772727	140.7661049505244
935	-225.3599803138642	125.86406507236298
936	-203.7257298167447	121.70694619388614
937	-211.9278682186704	111.60375602451442
938	-190.75454152614887	152.13407705260394
939	-218.55897824741757	144.0601493764989
940	-244.11022634758493	138.96658875956788
941	-183.74736264018512	142.32411786462885
942	-162.33621139040423	110.340589101789
943	-200.5535988475311	117.25623839427183
944	-173.33984306761604	105.30034083550785
945	-172.05211107725535	129.47067330562172
946	-223.09723348842488	138.82732138500864
947	-220.9933588254966	127.50552346427854
948	-175.7201494379452	108.56403334386412
949	-215.64855717593625	116.46976904636499
950	-224.32606791254108	129.81523618112914
951	-175.5182464485291	121.70558291356114
952	-232.24889066205705	115.18819655222971
953	-199.28629027244045	78.6477842168182
954	-213.06802059477562	151.71262768326383
955	-175.40784402728863	96.71216663382211
956	-275.0305414774628	128.22927727819362
957	-164.23709980903072	127.75197720096226
958	-231.40814634323218	133.88366307737206
959	-271.8451459288738	105.29996948227165
960	-180.1281111370377	109.66151030493576
961	-194.82351946107462	149.69119639089467
962	-194.00470026618066	125.44133476916437
963	-242.09497210085817	114.78202925913097
964	-182.1236551008582	92.27004062687848
965	-183.38621561246265	125.53868033171098
966	-189.16036603986544	117.22374004173297
967	-232.58499682033505	136.40668550739295
968	-215.915114252173	138.2653785411403
969	-233.6068050607333	139.95608500271481
970	-223.11768183732363	173.16706702489455
971	-206.02802412421394	122.14728281786621
972	-194.590445327519	132.03323012044643
973	-187.75601597504945	95.67918417336742
974	-182.61513103962486	100.5079322867377
975	-253.78312895701558	220.80587949200358
976	-267.49876731040035	265.1757446693583
977	-214.89218714664224	198.42206583550086
978	-189.9039312164133	143.0696247312212
979	-187.21224759979387	135.5107294806207
980	-170.55696060595142	128.8137095095961
981	-179.78687058047058	100.53334088774781
982	-235.61171208911534	119.03995674177605
983	-198.61753623121317	110.26798545110034
984	-210.81781464889576	131.4516827183842
985	-215.91510887908373	117.73963641042906
986	-205.1073200068195	143.1241237550272
987	-192.8782517872169	119.11948044513521
988	-126.43235499366276	101.99627942722815
989	-161.4947574657872	133.6077241461925
990	-174.097387926983	121.20291721926657
991	-196.7028425547505	144.26977871687419
992	-192.56221367871746	116.17859760547749
993	-209.2440050226786	132.90919134219783
994	-190.72145733395598	97.60101538677695
995	-197.1856653479378	117.06370417596422
996	-192.89788751464664	117.56854934435526
997	-181.27804443568627	99.62284418817056
998	-235.15003495756645	153.72176116641648
999	-193.77221419848124	102.01314555226281
